CREATE DATABASE springCMS
    CHARACTER SET utf8mb4
    COLLATE utf8mb4_unicode_ci;

use springCMS;

insert into categories (id, name, description) values (1, 'nisl', 'est lacinia nisi venenatis tristique fusce congue diam id ornare');
insert into categories (id, name, description) values (2, 'pede', 'primis in faucibus orci luctus et ultrices posuere cubilia curae nulla dapibus dperformance_schemaolor vel est donec odio justo sollicitudin ut suscipit a feugiat et eros vestibulum ac est lacinia nisi venenatis ');
insert into categories (id, name, description) values (3, 'tortor duis mattis', 'posuere cubilia curae duis faucibus accumsan odio curabitur convallis duis consequat dui nec nisi volutpat eleifend donec ut dolor morbi vel lectus in quam fringilla rhoncus mauris');
insert into categories (id, name, description) values (4, 'vulputate elementum nullam', 'metus arcu adipiscing molestie hendrerit at vulputate vitae nisl aenean lectus pellentesque eget nunc donec quis');
insert into categories (id, name, description) values (5, 'sit amet lobortis', 'morbi ut odio cras mi pede malesuada in imperdiet et commodo vulputate justo in blandit ultrices enim lorem ipsum dolor sit amet consectetuer adipiscing elit proin interdum mauris ');
insert into categories (id, name, description) values (6, 'non lectus', 'potenti nullam porttitor lacus at turpis donec posuere metus vitae ipsum aliquam non mauris morbi non lectus aliquam sit amet diam in magna bibendum imperdiet nullam orci pede venenatis ');
insert into categories (id, name, description) values (7, 'varius ut', 'suspendisse accumsan tortor quis turpis sed ante vivamus tortor duis mattis egestas metus aenean fermentum donec ut mauris eget massa tempor convallis nulla neque libero convallis eget ');
insert into categories (id, name, description) values (8, 'auctor sed', 'nulla integer pede justo lacinia eget tincidunt eget tempus vel pede morbi porttitor lorem id ligula suspendisse ornare consequat lectus in est risus auctor sed tristique in tempus sit ');
insert into categories (id, name, description) values (9, 'integer aliquet massa', 'mauris non ligula pellentesque ultrices phasellus id sapien in sapien iaculis congue vivamus metus arcu adipiscing molestie hendrerit at vulputate vitae nisl aenean lectus pellentesque eget nunc donec quis orci');
insert into categories (id, name, description) values (10, 'massa volutpat convallis', 'semper est quam pharetra magna ac consequat metus sapien ut nunc');

insert into authors (id, firstName, lastName) values (1, 'Eugénie', 'Kuhne');
insert into authors (id, firstName, lastName) values (2, 'Mà', 'Diver');
insert into authors (id, firstName, lastName) values (3, 'Zhì', 'Moakson');
insert into authors (id, firstName, lastName) values (4, 'Cléopatre', 'Neachell');
insert into authors (id, firstName, lastName) values (5, 'Zhì', 'Youles');
insert into authors (id, firstName, lastName) values (6, 'Bérénice', 'Hendonson');
insert into authors (id, firstName, lastName) values (7, 'Görel', 'Ashall');
insert into authors (id, firstName, lastName) values (8, 'Vérane', 'Garralts');
insert into authors (id, firstName, lastName) values (9, 'Eléonore', 'Farron');
insert into authors (id, firstName, lastName) values (10, 'Åsa', 'Rendall');
insert into authors (id, firstName, lastName) values (11, 'Laurélie', 'Skerritt');
insert into authors (id, firstName, lastName) values (12, 'Loïs', 'Haskins');
insert into authors (id, firstName, lastName) values (13, 'Nadège', 'Bier');
insert into authors (id, firstName, lastName) values (14, 'Mén', 'Marmion');
insert into authors (id, firstName, lastName) values (15, 'Lèi', 'Myford');
insert into authors (id, firstName, lastName) values (16, 'Angèle', 'Clare');
insert into authors (id, firstName, lastName) values (17, 'Anaëlle', 'Boys');
insert into authors (id, firstName, lastName) values (18, 'Séréna', 'Downing');
insert into authors (id, firstName, lastName) values (19, 'Lài', 'Keelin');
insert into authors (id, firstName, lastName) values (20, 'Méline', 'Dillinger');
insert into authors (id, firstName, lastName) values (21, 'Léa', 'Bispham');
insert into authors (id, firstName, lastName) values (22, 'Loïca', 'Errigo');
insert into authors (id, firstName, lastName) values (23, 'Océanne', 'Armstrong');
insert into authors (id, firstName, lastName) values (24, 'Fèi', 'Lamke');
insert into authors (id, firstName, lastName) values (25, 'Anaé', 'Sealand');
insert into authors (id, firstName, lastName) values (26, 'Marylène', 'Calcraft');
insert into authors (id, firstName, lastName) values (27, 'Célia', 'Hastilow');
insert into authors (id, firstName, lastName) values (28, 'Frédérique', 'Treleven');
insert into authors (id, firstName, lastName) values (29, 'Miléna', 'Emerine');
insert into authors (id, firstName, lastName) values (30, 'Léa', 'Lavalde');
insert into authors (id, firstName, lastName) values (31, 'Desirée', 'Blaxeland');
insert into authors (id, firstName, lastName) values (32, 'Garçon', 'Teliga');
insert into authors (id, firstName, lastName) values (33, 'Táng', 'Middler');
insert into authors (id, firstName, lastName) values (34, 'Béatrice', 'Klinck');
insert into authors (id, firstName, lastName) values (35, 'Kévina', 'Butland');
insert into authors (id, firstName, lastName) values (36, 'Yè', 'Korejs');
insert into authors (id, firstName, lastName) values (37, 'Anaëlle', 'Anders');
insert into authors (id, firstName, lastName) values (38, 'Béatrice', 'Rushton');
insert into authors (id, firstName, lastName) values (39, 'Anaïs', 'Eldered');
insert into authors (id, firstName, lastName) values (40, 'Michèle', 'Jordan');
insert into authors (id, firstName, lastName) values (41, 'Anaé', 'Mendenhall');
insert into authors (id, firstName, lastName) values (42, 'Eliès', 'Adamini');
insert into authors (id, firstName, lastName) values (43, 'Eléa', 'Gormally');
insert into authors (id, firstName, lastName) values (44, 'Örjan', 'Henrych');
insert into authors (id, firstName, lastName) values (45, 'Estée', 'Delucia');
insert into authors (id, firstName, lastName) values (46, 'Vénus', 'Bootton');
insert into authors (id, firstName, lastName) values (47, 'Inès', 'Cadd');
insert into authors (id, firstName, lastName) values (48, 'Gérald', 'Noyce');
insert into authors (id, firstName, lastName) values (49, 'Clémentine', 'Denidge');
insert into authors (id, firstName, lastName) values (50, 'Yáo', 'Kenningham');

insert into articles (id, title, author_id) values (1, 'accumsan odio curabitur', 28);
insert into articles (id, title, author_id) values (2, 'quam suspendisse potenti', 47);
insert into articles (id, title, author_id) values (3, 'purus phasellus in', 31);
insert into articles (id, title, author_id) values (4, 'in', 4);
insert into articles (id, title, author_id) values (5, 'metus vitae', 9);
insert into articles (id, title, author_id) values (6, 'lorem integer', 33);
insert into articles (id, title, author_id) values (7, 'lacus at', 38);
insert into articles (id, title, author_id) values (8, 'ultrices erat tortor', 12);
insert into articles (id, title, author_id) values (9, 'in felis eu', 38);
insert into articles (id, title, author_id) values (10, 'nisl venenatis lacinia', 50);
insert into articles (id, title, author_id) values (11, 'maecenas tristique est', 7);
insert into articles (id, title, author_id) values (12, 'purus', 1);
insert into articles (id, title, author_id) values (13, 'placerat', 36);
insert into articles (id, title, author_id) values (14, 'sit amet diam', 2);
insert into articles (id, title, author_id) values (15, 'sit amet erat', 1);
insert into articles (id, title, author_id) values (16, 'et tempus', 32);
insert into articles (id, title, author_id) values (17, 'nulla', 1);
insert into articles (id, title, author_id) values (18, 'nulla neque', 27);
insert into articles (id, title, author_id) values (19, 'integer non', 10);
insert into articles (id, title, author_id) values (20, 'montes', 9);
insert into articles (id, title, author_id) values (21, 'ipsum dolor', 44);
insert into articles (id, title, author_id) values (22, 'lacus at', 29);
insert into articles (id, title, author_id) values (23, 'ut at dolor', 50);
insert into articles (id, title, author_id) values (24, 'habitasse platea dictumst', 23);
insert into articles (id, title, author_id) values (25, 'ligula', 3);
insert into articles (id, title, author_id) values (26, 'gravida sem', 42);
insert into articles (id, title, author_id) values (27, 'lacus at', 44);
insert into articles (id, title, author_id) values (28, 'non quam', 50);
insert into articles (id, title, author_id) values (29, 'lectus pellentesque eget', 17);
insert into articles (id, title, author_id) values (30, 'sapien iaculis congue', 48);
insert into articles (id, title, author_id) values (31, 'ridiculus mus', 31);
insert into articles (id, title, author_id) values (32, 'sagittis nam', 5);
insert into articles (id, title, author_id) values (33, 'morbi vestibulum', 35);
insert into articles (id, title, author_id) values (34, 'justo', 45);
insert into articles (id, title, author_id) values (35, 'lobortis convallis tortor', 17);
insert into articles (id, title, author_id) values (36, 'eleifend', 4);
insert into articles (id, title, author_id) values (37, 'quis', 10);
insert into articles (id, title, author_id) values (38, 'nulla ultrices aliquet', 25);
insert into articles (id, title, author_id) values (39, 'nec sem', 27);
insert into articles (id, title, author_id) values (40, 'sit amet', 26);
insert into articles (id, title, author_id) values (41, 'non mi integer', 1);
insert into articles (id, title, author_id) values (42, 'metus', 3);
insert into articles (id, title, author_id) values (43, 'pharetra magna vestibulum', 14);
insert into articles (id, title, author_id) values (44, 'adipiscing elit', 40);
insert into articles (id, title, author_id) values (45, 'pede morbi porttitor', 15);
insert into articles (id, title, author_id) values (46, 'congue', 19);
insert into articles (id, title, author_id) values (47, 'aliquam non mauris', 45);
insert into articles (id, title, author_id) values (48, 'vitae nisi', 50);
insert into articles (id, title, author_id) values (49, 'duis bibendum', 28);
insert into articles (id, title, author_id) values (50, 'hac habitasse platea', 32);
insert into articles (id, title, author_id) values (51, 'aenean sit', 16);
insert into articles (id, title, author_id) values (52, 'nullam varius nulla', 11);
insert into articles (id, title, author_id) values (53, 'nisi eu', 46);
insert into articles (id, title, author_id) values (54, 'vel ipsum praesent', 7);
insert into articles (id, title, author_id) values (55, 'cubilia curae', 24);
insert into articles (id, title, author_id) values (56, 'in', 38);
insert into articles (id, title, author_id) values (57, 'nibh in lectus', 32);
insert into articles (id, title, author_id) values (58, 'sem praesent', 30);
insert into articles (id, title, author_id) values (59, 'proin', 18);
insert into articles (id, title, author_id) values (60, 'nulla mollis', 13);
insert into articles (id, title, author_id) values (61, 'vestibulum velit id', 43);
insert into articles (id, title, author_id) values (62, 'eleifend pede libero', 3);
insert into articles (id, title, author_id) values (63, 'ipsum primis in', 12);
insert into articles (id, title, author_id) values (64, 'urna pretium nisl', 43);
insert into articles (id, title, author_id) values (65, 'imperdiet et', 38);
insert into articles (id, title, author_id) values (66, 'in', 47);
insert into articles (id, title, author_id) values (67, 'montes nascetur', 15);
insert into articles (id, title, author_id) values (68, 'duis bibendum', 46);
insert into articles (id, title, author_id) values (69, 'eleifend luctus', 45);
insert into articles (id, title, author_id) values (70, 'in', 21);
insert into articles (id, title, author_id) values (71, 'ipsum primis', 44);
insert into articles (id, title, author_id) values (72, 'quisque erat', 42);
insert into articles (id, title, author_id) values (73, 'elementum ligula vehicula', 32);
insert into articles (id, title, author_id) values (74, 'posuere nonummy integer', 49);
insert into articles (id, title, author_id) values (75, 'luctus', 36);
insert into articles (id, title, author_id) values (76, 'nisl duis', 19);
insert into articles (id, title, author_id) values (77, 'tortor', 18);
insert into articles (id, title, author_id) values (78, 'pellentesque', 17);
insert into articles (id, title, author_id) values (79, 'odio consequat varius', 32);
insert into articles (id, title, author_id) values (80, 'curae', 45);
insert into articles (id, title, author_id) values (81, 'imperdiet et', 13);
insert into articles (id, title, author_id) values (82, 'rhoncus sed vestibulum', 4);
insert into articles (id, title, author_id) values (83, 'penatibus et', 18);
insert into articles (id, title, author_id) values (84, 'imperdiet et', 4);
insert into articles (id, title, author_id) values (85, 'vestibulum ante ipsum', 37);
insert into articles (id, title, author_id) values (86, 'parturient montes', 10);
insert into articles (id, title, author_id) values (87, 'placerat ante', 25);
insert into articles (id, title, author_id) values (88, 'suscipit ligula', 7);
insert into articles (id, title, author_id) values (89, 'sagittis sapien', 24);
insert into articles (id, title, author_id) values (90, 'mauris enim leo', 50);
insert into articles (id, title, author_id) values (91, 'morbi quis', 44);
insert into articles (id, title, author_id) values (92, 'mauris viverra diam', 14);
insert into articles (id, title, author_id) values (93, 'interdum venenatis turpis', 27);
insert into articles (id, title, author_id) values (94, 'ante vel ipsum', 50);
insert into articles (id, title, author_id) values (95, 'nibh quisque id', 30);
insert into articles (id, title, author_id) values (96, 'suscipit', 30);
insert into articles (id, title, author_id) values (97, 'nulla suspendisse potenti', 11);
insert into articles (id, title, author_id) values (98, 'non', 7);
insert into articles (id, title, author_id) values (99, 'tempus', 4);
insert into articles (id, title, author_id) values (100, 'sit amet', 24);

insert into articles_categories (article_id, category_id) values (83, 8);
insert into articles_categories (article_id, category_id) values (41, 2);
insert into articles_categories (article_id, category_id) values (32, 4);
insert into articles_categories (article_id, category_id) values (88, 5);
insert into articles_categories (article_id, category_id) values (30, 6);
insert into articles_categories (article_id, category_id) values (21, 9);
insert into articles_categories (article_id, category_id) values (82, 9);
insert into articles_categories (article_id, category_id) values (92, 1);
insert into articles_categories (article_id, category_id) values (73, 9);
insert into articles_categories (article_id, category_id) values (72, 5);
insert into articles_categories (article_id, category_id) values (62, 2);
insert into articles_categories (article_id, category_id) values (84, 3);
insert into articles_categories (article_id, category_id) values (13, 7);
insert into articles_categories (article_id, category_id) values (83, 4);
insert into articles_categories (article_id, category_id) values (79, 8);
insert into articles_categories (article_id, category_id) values (86, 2);
insert into articles_categories (article_id, category_id) values (29, 4);
insert into articles_categories (article_id, category_id) values (20, 6);
insert into articles_categories (article_id, category_id) values (70, 10);
insert into articles_categories (article_id, category_id) values (18, 5);
insert into articles_categories (article_id, category_id) values (40, 10);
insert into articles_categories (article_id, category_id) values (5, 2);
insert into articles_categories (article_id, category_id) values (59, 2);
insert into articles_categories (article_id, category_id) values (78, 1);
insert into articles_categories (article_id, category_id) values (30, 7);
insert into articles_categories (article_id, category_id) values (15, 8);
insert into articles_categories (article_id, category_id) values (63, 4);
insert into articles_categories (article_id, category_id) values (17, 6);
insert into articles_categories (article_id, category_id) values (38, 5);
insert into articles_categories (article_id, category_id) values (1, 5);
insert into articles_categories (article_id, category_id) values (82, 3);
insert into articles_categories (article_id, category_id) values (35, 1);
insert into articles_categories (article_id, category_id) values (74, 5);
insert into articles_categories (article_id, category_id) values (65, 6);
insert into articles_categories (article_id, category_id) values (73, 8);
insert into articles_categories (article_id, category_id) values (39, 5);
insert into articles_categories (article_id, category_id) values (91, 8);
insert into articles_categories (article_id, category_id) values (3, 8);
insert into articles_categories (article_id, category_id) values (52, 9);
insert into articles_categories (article_id, category_id) values (9, 7);
insert into articles_categories (article_id, category_id) values (84, 1);
insert into articles_categories (article_id, category_id) values (4, 10);
insert into articles_categories (article_id, category_id) values (12, 2);
insert into articles_categories (article_id, category_id) values (62, 5);
insert into articles_categories (article_id, category_id) values (57, 2);
insert into articles_categories (article_id, category_id) values (45, 9);
insert into articles_categories (article_id, category_id) values (74, 8);
insert into articles_categories (article_id, category_id) values (42, 3);
insert into articles_categories (article_id, category_id) values (46, 1);
insert into articles_categories (article_id, category_id) values (59, 9);
insert into articles_categories (article_id, category_id) values (10, 7);
insert into articles_categories (article_id, category_id) values (79, 4);
insert into articles_categories (article_id, category_id) values (11, 4);
insert into articles_categories (article_id, category_id) values (84, 5);
insert into articles_categories (article_id, category_id) values (64, 1);
insert into articles_categories (article_id, category_id) values (24, 1);
insert into articles_categories (article_id, category_id) values (65, 6);
insert into articles_categories (article_id, category_id) values (28, 5);
insert into articles_categories (article_id, category_id) values (18, 8);
insert into articles_categories (article_id, category_id) values (71, 7);
insert into articles_categories (article_id, category_id) values (46, 2);
insert into articles_categories (article_id, category_id) values (56, 1);
insert into articles_categories (article_id, category_id) values (100, 9);
insert into articles_categories (article_id, category_id) values (9, 10);
insert into articles_categories (article_id, category_id) values (12, 7);
insert into articles_categories (article_id, category_id) values (1, 4);
insert into articles_categories (article_id, category_id) values (34, 3);
insert into articles_categories (article_id, category_id) values (81, 10);
insert into articles_categories (article_id, category_id) values (89, 8);
insert into articles_categories (article_id, category_id) values (79, 4);
insert into articles_categories (article_id, category_id) values (4, 6);
insert into articles_categories (article_id, category_id) values (10, 9);
insert into articles_categories (article_id, category_id) values (69, 9);
insert into articles_categories (article_id, category_id) values (8, 7);
insert into articles_categories (article_id, category_id) values (60, 8);
insert into articles_categories (article_id, category_id) values (81, 3);
insert into articles_categories (article_id, category_id) values (23, 10);
insert into articles_categories (article_id, category_id) values (27, 4);
insert into articles_categories (article_id, category_id) values (46, 5);
insert into articles_categories (article_id, category_id) values (71, 1);
insert into articles_categories (article_id, category_id) values (78, 4);
insert into articles_categories (article_id, category_id) values (48, 4);
insert into articles_categories (article_id, category_id) values (61, 10);
insert into articles_categories (article_id, category_id) values (13, 1);
insert into articles_categories (article_id, category_id) values (2, 7);
insert into articles_categories (article_id, category_id) values (43, 2);
insert into articles_categories (article_id, category_id) values (8, 1);
insert into articles_categories (article_id, category_id) values (62, 6);
insert into articles_categories (article_id, category_id) values (78, 6);
insert into articles_categories (article_id, category_id) values (45, 1);
insert into articles_categories (article_id, category_id) values (60, 10);
insert into articles_categories (article_id, category_id) values (5, 7);
insert into articles_categories (article_id, category_id) values (20, 10);
insert into articles_categories (article_id, category_id) values (91, 8);
insert into articles_categories (article_id, category_id) values (82, 2);
insert into articles_categories (article_id, category_id) values (79, 8);
insert into articles_categories (article_id, category_id) values (17, 3);
insert into articles_categories (article_id, category_id) values (12, 4);
insert into articles_categories (article_id, category_id) values (10, 3);
insert into articles_categories (article_id, category_id) values (8, 9);
